{
  "display": {
    "title": "Coldie museum - Momus park",
    "favicon": "favicon_asset"
  },
  "owner": "",
  "contact": {
    "name": "author-name",
    "email": ""
  },
  "main": "bin/game.js",
  "tags": [],
  "scene": {
    "parcels": [
      "0,0",
      "0,1",
      "0,2",
      "0,3",
      "1,0",
      "1,1",
      "1,2",
      "1,3",
      "2,0",
      "2,1",
      "2,2",
      "2,3"
    ],
    "base": "0,0"
  },
  "communications": {
    "type": "webrtc",
    "signalling": "https://signalling-01.decentraland.org"
  },
  "policy": {
    "contentRating": "E",
    "fly": true,
    "voiceEnabled": true,
    "blacklist": [],
    "teleportPosition": ""
  },
  "source": {
    "origin": "builder",
    "projectId": "953f8eac-8f59-4f37-9870-7d4b8f2b32da"
  }
}